[
	{ "namespace" : "Log", "url": "dgb/SRW_DGB_Log.js" },
    { "namespace" : "Theme", "url": "dgb/SRW_DGB_Theme.js" },
	{ "namespace" : "Message", "url": "dgb/SRW_DGB_Message.js" },
    { "namespace" : "HasMap", "url": "dgb/SRW_DGB_HashMap.js" },
	{ "namespace" : "Common", "url": "dgb/SRW_DGB_Common.js" },
    { "namespace" : "Setting", "url": "dgb/SRW_DGB_Setting.js" },
    { "namespace" : "Util", "url": "dgb/SRW_DGB_Util.js" },
	{ "namespace" : "Auth", "url": "dgb/SRW_DGB_Auth.js" },
	{ "namespace" : "Page", "url": "dgb/SRW_DGB_Page.js" },
	{ "namespace" : "MyMenu", "url": "dgb/SRW_DGB_MyMenu.js" },
	{ "namespace" : "Menu", "url": "dgb/SRW_DGB_Menu.js" },
    { "namespace" : "Timer", "url": "dgb/SRW_DGB_Timer.js" },
    { "namespace" : "Fido", "url": "dgb/SRW_DGB_Fido.js" },
    { "namespace" : "MDM", "url": "dgb/SRW_DGB_MDM.js" },
    { "namespace" : "Nfc", "url": "dgb/SRW_DGB_Nfc.js" },
    { "namespace" : "Alive", "url": "dgb/SRW_DGB_Alive.js" },
    { "namespace" : "SMS", "url": "dgb/SRW_DGB_Sms.js" },
    { "namespace" : "Bio", "url": "dgb/SRW_DGB_Bio.js" },
    { "namespace" : "Calendar_Alios", "url": "dgb/SRW_DGB_Calendar_Alios.js" }
]