[
    { "url" : "html/co/SRW_CO00001", "id": "#login" },
    { "url" : "html/co/SRW_CO00002", "id": "#CO00002" },
    { "url" : "html/co/SRW_CO00003", "id": "#CO00003" },
    { "url" : "html/co/SRW_CO00004", "id": "#CO00004" },
    { "url" : "html/co/SRW_CO00007", "id": "#CO00007" },
    { "url" : "html/co/SRW_CO00009", "id": "#CO00009" },
    { "url" : "html/co/SRW_CO00010", "id": "#CO00010" },
    { "url" : "html/co/SRW_COPU001", "id": "#COPU001" },
    { "url" : "html/co/SRW_COPU002", "id": "#COPU002" },
    { "url" : "html/em/SRW_EMHD001", "id": "#EMHD001" },
    { "url" : "html/em/SRW_EMHD002", "id": "#EMHD002" },
    { "url" : "html/em/SRW_EMSO001", "id": "#EMSO001" },
    { "url" : "html/em/SRW_EMSO002", "id": "#EMSO002" },
    { "url" : "html/em/SRW_EMSO003", "id": "#EMSO003" },
    { "url" : "html/em/SRW_EMST001", "id": "#EMST001" },
    { "url" : "html/em/SRW_EMST002", "id": "#EMST002" },
    { "url" : "html/em/SRW_EMST003", "id": "#EMST003" },
    { "url" : "html/em/SRW_EMST004", "id": "#EMST004" },
    { "url" : "html/em/SRW_EMST005", "id": "#EMST005" },
    { "url" : "html/em/SRW_EMST006", "id": "#EMST006" },
    { "url" : "html/em/SRW_EMST007", "id": "#EMST007" },
    { "url" : "html/em/SRW_EMTK001", "id": "#EMTK001" },
    { "url" : "html/em/SRW_EMTK002", "id": "#EMTK002" },
    { "url" : "html/em/SRW_EMWK001", "id": "#EMWK001" },
    { "url" : "html/em/SRW_EMWK002", "id": "#EMWK002" },
    { "url" : "html/em/SRW_EMWK003", "id": "#EMWK003" },
    { "url" : "html/em/SRW_EMWK004", "id": "#EMWK004" },
    { "url" : "html/gr/SRW_GRAR001", "id": "#GRAR001" },
    { "url" : "html/gr/SRW_GRAR002", "id": "#GRAR002" },
    { "url" : "html/gr/SRW_GRBO001", "id": "#GRBO001" },
    { "url" : "html/gr/SRW_GRBO002", "id": "#GRBO002" },
    { "url" : "html/gr/SRW_GRBO003", "id": "#GRBO003" },
    { "url" : "html/gr/SRW_GRBO004", "id": "#GRBO004" },
    { "url" : "html/gr/SRW_GRCO001", "id": "#GRCO001" },
    { "url" : "html/gr/SRW_GRCO002", "id": "#GRCO002" },
    { "url" : "html/gr/SRW_GRCO003", "id": "#GRCO003" },
    { "url" : "html/gr/SRW_GREC001", "id": "#GREC001" },
    { "url" : "html/gr/SRW_GREC002", "id": "#GREC002" },
    { "url" : "html/gr/SRW_GREC003", "id": "#GREC003" },
    { "url" : "html/gr/SRW_GREM001", "id": "#GREM001" },
    { "url" : "html/gr/SRW_GREM002", "id": "#GREM002" },
    { "url" : "html/gr/SRW_GREM003", "id": "#GREM003" },
    { "url" : "html/gr/SRW_GREM004", "id": "#GREM004" },
    { "url" : "html/gr/SRW_GRMA001", "id": "#GRMA001" },
    { "url" : "html/gr/SRW_GRMA002", "id": "#GRMA002" },
    { "url" : "html/gr/SRW_GRMA003", "id": "#GRMA003" },
    { "url" : "html/gr/SRW_GRST001", "id": "#GRST001" },
    { "url" : "html/gr/SRW_GRST002", "id": "#GRST002" },
    { "url" : "html/gr/SRW_GRPM001", "id": "#GRPM001" },
    { "url" : "html/gr/SRW_GRPM002", "id": "#GRPM002" },
    { "url" : "html/gr/SRW_GRRE001", "id": "#GRRE001" },
    { "url" : "html/le/SRW_LECT001", "id": "#LECT001" },
    { "url" : "html/le/SRW_LECT002", "id": "#LECT002" },
    { "url" : "html/le/SRW_LECT003", "id": "#LECT003" },
    { "url" : "html/le/SRW_LECT004", "id": "#LECT004" },
    { "url" : "html/le/SRW_LEDU001", "id": "#LEDU001" },
    { "url" : "html/pr/SRW_PRDE001", "id": "#PRDE001" },
    { "url" : "html/pr/SRW_PRDE002", "id": "#PRDE002" },
    { "url" : "html/pr/SRW_PRDE003", "id": "#PRDE003" },
    { "url" : "html/pr/SRW_PRDE004", "id": "#PRDE004" },
    { "url" : "html/pr/SRW_PRDE005", "id": "#PRDE005" },
    { "url" : "html/pr/SRW_PRPM001", "id": "#PRPM001" },
    { "url" : "html/pr/SRW_PRPM002", "id": "#PRPM002" },
    { "url" : "html/pr/SRW_PRPM003", "id": "#PRPM003" },
    { "url" : "html/pr/SRW_PRPM004", "id": "#PRPM004" },
    { "url" : "html/pr/SRW_PRPM005", "id": "#PRPM005" },
    { "url" : "html/pr/SRW_PRPM006", "id": "#PRPM006" },
    { "url" : "html/pr/SRW_PRPM007", "id": "#PRPM007" },
    { "url" : "html/pr/SRW_PRPM008", "id": "#PRPM008" },
    { "url" : "html/pr/SRW_PRAP001", "id": "#PRAP001" },
    { "url" : "html/pr/SRW_PRAP002", "id": "#PRAP002" },
    { "url" : "html/re/SRW_REBM001", "id": "#REBM001" },
    { "url" : "html/re/SRW_REME001", "id": "#REME001" },
    { "url" : "html/re/SRW_RESI001", "id": "#RESI001" },
    { "url" : "html/re/SRW_RESI002", "id": "#RESI002" },
    { "url" : "html/re/SRW_RESI003", "id": "#RESI003" },
    { "url" : "html/re/SRW_RESI004", "id": "#RESI004" },
    { "url" : "html/re/SRW_RESI005", "id": "#RESI005" },
    { "url" : "html/re/SRW_RESU001", "id": "#RESU001" },
    { "url" : "html/re/SRW_RESU002", "id": "#RESU002" },
    { "url" : "html/re/SRW_REIT001", "id": "#REIT001" },
    { "url" : "html/re/SRW_REIT002", "id": "#REIT002" },
    { "url" : "html/sp/SRW_SP00001", "id": "#SP00001" },
    { "url" : "html/re/SRW_REFN001", "id": "#REFN001" },
    { "url" : "html/re/SRW_REFN002", "id": "#REFN002" },
    { "url" : "html/re/SRW_RECD001", "id": "#RECD001" },
    { "url" : "html/re/SRW_RECD002", "id": "#RECD002" },
    { "url" : "html/gw/SRW_GWWA001", "id": "#GWWA001" },
    { "url" : "html/gw/SRW_GWWA002", "id": "#GWWA002" },
    { "url" : "html/gw/SRW_GWCL001", "id": "#GWCL001" },
    { "url" : "html/gw/SRW_GWCL002", "id": "#GWCL002" },
    { "url" : "html/bo/SRW_BOOK101", "id": "#BOOK101" },
    { "url" : "html/bo/SRW_BOOK102", "id": "#BOOK102" },
    { "url" : "html/bo/SRW_BOOK201", "id": "#BOOK201" },
    { "url" : "html/bo/SRW_BOOK301", "id": "#BOOK301" },
    { "url" : "html/bi/SRW_BIO0001", "id": "#BIO0001" },
    { "url" : "html/bi/SRW_BIO0002", "id": "#BIO0002" },
    { "url" : "html/bi/SRW_BIO0003", "id": "#BIO0003" },
    { "url" : "html/ba/SRW_BANK001", "id": "#BANK001" },
    { "url" : "html/ba/SRW_BANK002", "id": "#BANK002" },
    { "url" : "html/ba/SRW_BANK003", "id": "#BANK003" },
    { "url" : "html/ba/SRW_BANK004", "id": "#BANK004" },
    { "url" : "html/fo/SRW_FOOD001", "id": "#FOOD001" },
    { "url" : "html/fo/SRW_FOOD002", "id": "#FOOD002" },
    { "url" : "html/da/SRW_DAMO001", "id": "#DAMO001" },
    { "url" : "html/li/SRW_LIS0001", "id": "#LIS0001" },
    { "url" : "html/bp/SRW_BPR0001", "id": "#BPR0001" },
    { "url" : "html/bp/SRW_BPR0002", "id": "#BPR0002" },
    { "url" : "html/it/SRW_ITMS001", "id": "#ITMS001" },
    { "url" : "html/it/SRW_ITMS002", "id": "#ITMS002" },
    { "url" : "html/eh/SRW_EHR0001", "id": "#EHR0001" }
]